<schemalist gettext-domain="gnome-shell-extensions-persian-calendar">
  <enum id="org.gnome.shell.extensions.persian-calendar.positions">
    <value nick="left" value="0"/>
    <value nick="center" value="1"/>
    <value nick="right" value="2"/>
  </enum>
  <schema id="org.gnome.shell.extensions.persian-calendar" path="/org/gnome/shell/extensions/persian-calendar/">
    <key name="hijri-display" type="b">
      <default>true</default>
      <summary>Display Hijri date below the calendar</summary>
      <description>Set to true to display Hijri date.</description>
    </key>
    <key name="gregorian-display" type="b">
      <default>true</default>
      <summary>Display Gregorian date below the calendar</summary>
      <description>Set to true to display Gregorian date.</description>
    </key>
    <key name="persian-display" type="b">
      <default>true</default>
      <summary>Display Persian date below the calendar</summary>
      <description>Set to true to display Persian date.</description>
    </key>
    <key name="hijri-display-format" type="s">
      <default>'%D / %M / %Y'</default>
      <summary>Hijri date format</summary>
      <description>Hijri date format</description>
    </key>
    <key name="gregorian-display-format" type="s">
      <default>'%D / %M / %Y'</default>
      <summary>Gregorian date format</summary>
      <description>Gregorian date format</description>
    </key>
    <key name="persian-display-format" type="s">
      <default>'%D / %M / %Y'</default>
      <summary>Persian date format</summary>
      <description>Persian date format</description>
    </key>
    <key name="event-iran-lunar" type="b">
      <default>true</default>
      <summary>Display official Iranian lunar events</summary>
      <description>Display official Iranian lunar events.</description>
    </key>
    <key name="event-iran-solar" type="b">
      <default>true</default>
      <summary>Display official Iranian solar events</summary>
      <description>Display official Iranian solar events.</description>
    </key>
    <key name="event-persian" type="b">
      <default>true</default>
      <summary>Display old Persian events</summary>
      <description>Display old Persian events.</description>
    </key>
    <key name="event-persian-personage" type="b">
      <default>true</default>
      <summary>Display Persian personage events</summary>
      <description>Display Persian personage events.</description>
    </key>
    <key name="event-world" type="b">
      <default>true</default>
      <summary>Display official international events</summary>
      <description>Display official international events.</description>
    </key>
    <key name="widget-format" type="s">
      <default>'%d'</default>
      <summary>Widget date format</summary>
      <description>Widget date format</description>
    </key>
    <key name="startup-notification" type="b">
      <default>true</default>
      <summary>Startup Notification</summary>
      <description>Show notification on start up</description>
    </key>
    <key name="custom-color" type="b">
      <default>false</default>
      <summary>Use custom color</summary>
      <description>Use custom color.</description>
    </key>
    <key name="color" type="s">
      <default>'#000000'</default>
      <summary>Custom color</summary>
      <description>Custom color.</description>
    </key>
    <key name="position" enum="org.gnome.shell.extensions.persian-calendar.positions">
      <default>'right'</default>
      <summary>Where to display calendar (left, center, right)</summary>
    </key>
    <!--
    <key name="custom-font" type="b">
      <default>false</default>
      <summary>Use custom font</summary>
      <description>Use custom font.</description>
    </key>
    <key name="font" type="s">
      <default>''</default>
      <summary>Custom font</summary>
      <description>Custom font.</description>
    </key>
    -->
  </schema>
</schemalist>
