{
  "_generated": "Generated by SweetTooth, do not edit", 
  "description": "This extension will not be updated anymore. Please go to the GitHub page, there is more fix over there.\nIf you are interested in taking back the maintenance of this extension, let me know.\n\nLet the top bar become transparent when no window is maximized.", 
  "extension-id": "dynamic-top-bar", 
  "name": "Dynamic Top Bar", 
  "settings-schema": "org.gnome.shell.extensions.dynamic-top-bar", 
  "shell-version": [
    "3.10", 
    "3.12", 
    "3.14", 
    "3.16", 
    "3.18", 
    "3.20"
  ], 
  "url": "http://github.com/AMDG2/GnomeShell_DynamicTopBar", 
  "uuid": "dynamicTopBar@gnomeshell.feildel.fr", 
  "version": 14
}