{
  "_generated": "Generated by SweetTooth, do not edit", 
  "description": "A Trash button for the GNOME shell panel", 
  "localedir": "locale", 
  "name": "Trash", 
  "original-authors": "Axel von Bertoldi", 
  "shell-version": [
    "3.6", 
    "3.8", 
    "3.10", 
    "3.12", 
    "3.14", 
    "3.16", 
    "3.18", 
    "3.20", 
    "3.22", 
    "3.24", 
    "3.26", 
    "3.28"
  ], 
  "url": "https://gitlab.com/bertoldia/gnome-shell-trash-extension", 
  "uuid": "gnome-shell-trash-extension", 
  "version": 15
}