{
  "_generated": "Generated by SweetTooth, do not edit", 
  "description": "Miss dynamic panel transparency in 3.32? Try the original dynamic panel extension on all recent Gnome versions and with much more customization! This extension will fade your top panel to nothingness when there are no maximized windows present! Never again will the panel be abruptly darkened.\n\nMay be incompatible with some extensions that make extensive changes to the panel.\n\nIf your theme isn't working correctly with this extension enable 'Remove Excessive Panel Styling' in the Background section of preferences.\n\nv21 is a legacy update for Gnome 3.14-3.22.2\nv28 is for Gnome 3.22.3+\n\nv30 is currently in review, you can get it from the GitHub\n\nNew in v30\n- Fixes support for some 3.28 systems.\n\nNew in v29\n- Initial 3.32 support.\n\nGeneral Features:\n- Theme detection (works with 99% of all themes). \n- Per-app customization (panel color, opacity)\n- Configurable text and panel coloring\n- Configurable text and icon shadowing\n- Customizable transition times\n- Window tracking with support for shortcuts", 
  "gettext-domain": "dynamic-panel-transparency", 
  "name": "Dynamic Panel Transparency", 
  "settings-schema": "org.gnome.shell.extensions.dynamic-panel-transparency", 
  "shell-version": [
    "3.24", 
    "3.26", 
    "3.28", 
    "3.30", 
    "3.22.3", 
    "3.32"
  ], 
  "url": "https://rockon999.github.io/dynamic-panel-transparency/", 
  "uuid": "dynamic-panel-transparency@rockon999.github.io", 
  "version": 30
}