{
  "_generated": "Generated by SweetTooth, do not edit", 
  "description": "A tea steeping timer\n\n\nUPDATE:\nSome work on HiDPI scaling.\n\nUPDATE:\n\nI don't really have a lot time for maintenance. Nevertheless, I'm happy to merge your pull requests on github.\n\nPlease report issues to the github page's issue tracker:\nhttps://github.com/oleid/gnome-shell-teatime/issues\n\nI don't get a notification for reviews on this page.", 
  "gettext-domain": "TeaTime", 
  "name": "TeaTime", 
  "settings-schema": "org.gnome.shell.extensions.teatime", 
  "shell-version": [
    "3.4", 
    "3.6", 
    "3.8", 
    "3.10", 
    "3.12", 
    "3.14", 
    "3.16", 
    "3.18", 
    "3.20", 
    "3.22", 
    "3.24", 
    "3.26"
  ], 
  "url": "", 
  "uuid": "TeaTime@oleid.mescharet.de", 
  "version": 26
}