{
  "_generated": "Generated by SweetTooth, do not edit", 
  "description": "Bring back the transparent top bar when free-floating in GNOME Shell 3.32.\n\nThis basically comes from the feature implementation removed in GNOME Shell 3.32, and I modified the code a bit to make it an extension. Enjoy!", 
  "name": "Transparent Top Bar", 
  "shell-version": [
    "3.32"
  ], 
  "url": "https://github.com/DreaminginCodeZH/gnome-shell-extension-transparent-top-bar", 
  "uuid": "transparent-top-bar@zhanghai.me", 
  "version": 2
}