<?xml version="1.0" encoding="UTF-8" ?>
<schemalist>
	<schema path="/org/gnome/shell/extensions/todolist/" id="org.gnome.shell.extensions.todolist" >
		<key type="as" name="open-todolist">
			<default><![CDATA[['<Control><Alt>space']]]></default>
			<summary>The key you want to open todolist.</summary>
		</key>
		<key type="as" name="todolist-directory">
			<default><![CDATA[['.config/Todolist']]]></default>
			<summary>The directory in which todolist are saved.</summary>
		</key>
	</schema>
</schemalist>
