{
  "_generated": "Generated by SweetTooth, do not edit", 
  "description": "Removes the dropdown arrows which were introduced in Gnome 3.10 from the App Menu, System Menu, Input Menu, Access Menu, Places Menu, Applications Menu and any other extension that wants to add dropdown arrows.\n\n---\n\nFor Gnome 3.22, please see GitHub page for an updated extension (review process is quite slow here).", 
  "extension-id": "remove-dropdown-arrows", 
  "name": "Remove Dropdown Arrows", 
  "shell-version": [
    "3.12", 
    "3.14", 
    "3.16", 
    "3.18", 
    "3.20", 
    "3.22", 
    "3.24", 
    "3.26", 
    "3.28", 
    "3.30"
  ], 
  "url": "http://github.com/mpdeimos/gnome-shell-remove-dropdown-arrows", 
  "uuid": "remove-dropdown-arrows@mpdeimos.com", 
  "version": 11
}