{
  "_generated": "Generated by SweetTooth, do not edit", 
  "description": "Automatically change theme to dark variant when Night Light activates.\n\nYour theme must have a `-dark` variant, e.g. `Adwaita` and `Adwaita-dark`.\n\nThese themes have been tested and work:\n- Adwaita\n- Arc\n- HighContrast\n- Materia\n- Yaru", 
  "name": "Night Theme Switcher", 
  "shell-version": [
    "3.28", 
    "3.30", 
    "3.32"
  ], 
  "url": "https://git.romainvigier.fr/Romain/nightthemeswitcher-gnome-shell-extension", 
  "uuid": "nightthemeswitcher@romainvigier.fr", 
  "version": 2
}